City_ID,City,Lat,Lng,Max Temp,Humidity,Cloudiness,Wind Speed,Country,Date
0,khani,41.9563,42.9566,282.91,88,45,3.17,GE,1681159697
1,tura,25.5198,90.2201,295.82,39,0,2.06,IN,1681159648
2,bengkulu,-3.8004,102.2655,296.89,89,39,1.45,ID,1681159614
3,bredasdorp,-34.5322,20.0403,287.72,68,100,4.04,ZA,1681159699
4,bambous virieux,-20.3428,57.7575,298.29,94,75,1.54,MU,1681159699
5,rawson,-43.3002,-65.1023,286.32,57,100,9.06,AR,1681159619
6,victoria,22.2855,114.1577,296.17,91,99,4.88,HK,1681159631
7,filadelfia,39.9523,-75.1638,293.23,28,0,3.09,US,1681159624
8,ostrovnoy,68.0531,39.5131,273.71,94,100,7.51,RU,1681159616
9,dwarahat,29.7833,79.4333,285.77,36,0,1.71,IN,1681159702
10,ushuaia,-54.8,-68.3,280.94,76,75,9.77,AR,1681159703
11,sesheke,-17.4759,24.2968,296.53,41,71,0.84,ZM,1681159703
12,ngunguru,-35.6167,174.5,292.16,78,75,4.4,NZ,1681159605
13,longyearbyen,78.2186,15.6401,271.06,74,75,1.03,SJ,1681159704
14,pusad,19.9,77.5833,302.08,39,9,0.6,IN,1681159705
15,saskylakh,71.9167,114.0833,249.08,98,89,3.22,RU,1681159705
16,castro,-24.7911,-50.0119,291.46,78,37,1.52,BR,1681159706
17,codrington,-38.2667,141.9667,285.32,81,69,2.24,AU,1681159706
18,mataura,-46.1927,168.8643,284.53,99,100,0.88,NZ,1681159604
19,deputatskiy,69.3,139.9,246.31,84,14,1.98,RU,1681159660
20,mildura,-34.2,142.15,283.15,76,43,1.87,AU,1681159708
21,pevek,69.7008,170.3133,245.26,98,87,2.52,RU,1681159708
22,shahr-e kord,32.3256,50.8644,280.02,49,0,1.03,IR,1681159709
23,kapaa,22.0752,-159.319,299.14,77,20,7.2,US,1681159709
24,katsuura,35.1333,140.3,289.28,72,4,8.68,JP,1681159710
25,den helder,52.9599,4.7593,284.24,91,75,14.31,NL,1681159711
26,kodiak,57.79,-152.4072,273.88,37,0,11.32,US,1681159712
27,albany,42.6001,-73.9662,291.84,17,23,0.89,US,1681159606
28,busselton,-33.65,115.3333,288.67,69,55,4.5,AU,1681159713
29,mahanoro,-19.9,48.8,295.95,91,32,2.2,MG,1681159713
30,poronaysk,49.2167,143.1167,272.01,81,8,1.05,RU,1681159714
31,ilulissat,69.2167,-51.1,282.16,37,40,9.26,GL,1681159714
32,cabedelo,-6.9811,-34.8339,301.52,73,99,4.29,BR,1681159715
33,sao joao da barra,-21.6403,-41.0511,299.2,73,28,4.77,BR,1681159697
34,bluff,-46.6,168.3333,284.71,97,100,6.37,NZ,1681159715
35,cap malheureux,-19.9842,57.6142,298.41,81,99,1.34,MU,1681159716
36,hilo,19.7297,-155.09,298.84,72,20,3.6,US,1681159716
37,vangaindrano,-23.35,47.6,294.83,92,6,2.02,MG,1681159717
38,talakan,50.3167,130.3667,278.77,91,39,4.02,RU,1681159717
39,rikitea,-23.1203,-134.9692,297.87,70,86,3.51,PF,1681159509
40,punta arenas,-53.15,-70.9167,281.21,61,75,7.2,CL,1681159718
41,arraial do cabo,-22.9661,-42.0278,298.13,69,0,3.09,BR,1681159719
42,yellowknife,62.456,-114.3525,273.44,80,75,8.75,CA,1681159719
43,mahebourg,-20.4081,57.7,298.31,94,75,1.54,MU,1681159720
44,khatanga,71.9667,102.5,249.62,99,100,2.52,RU,1681159720
45,kieta,-6.2167,155.6333,299.85,81,100,2.66,PG,1681159622
46,puerto ayora,-0.7393,-90.3518,304.13,81,76,3.13,EC,1681159721
47,poya,-21.35,165.15,299.55,70,2,0.82,NC,1681159722
48,cidreira,-30.1811,-50.2056,296.06,83,48,3.67,BR,1681159686
49,scottsbluff,41.8666,-103.6672,298.58,20,0,3.13,US,1681159723
50,adrar,20.5022,-10.0711,301.47,23,100,4.29,MR,1681159635
51,dikson,73.5069,80.5464,251.03,98,100,4.61,RU,1681159724
52,chifeng,42.2683,118.9636,275.3,12,0,11.47,CN,1681159724
53,nikolskoye,59.7035,30.7861,278.04,88,100,1.58,RU,1681159613
54,thompson,55.7435,-97.8558,287.24,33,75,6.17,CA,1681159725
55,snezhnogorsk,69.1933,33.2531,272.03,96,99,4.5,RU,1681159725
56,hurricane,37.1753,-113.2899,303.34,15,3,4.59,US,1681159726
57,tilichiki,60.4667,166.1,261.67,93,100,7.87,RU,1681159726
58,borovskoy,53.8,64.15,274.99,60,93,3.2,KZ,1681159727
59,upernavik,72.7868,-56.1549,255.81,93,92,6.97,GL,1681159727
60,tuktoyaktuk,69.4541,-133.0374,262.15,85,100,3.09,CA,1681159728
61,saint-philippe,-21.3585,55.7679,296.92,84,100,3.91,RE,1681159728
62,atuona,-9.8,-139.0333,300.44,80,16,7.53,PF,1681159729
63,tromso,69.6496,18.957,274.16,86,0,2.57,NO,1681159729
64,severo-kurilsk,50.6789,156.125,272.46,83,99,17.6,RU,1681159730
65,vao,-22.6667,167.4833,298.79,79,2,2.96,NC,1681159730
66,san patricio,28.017,-97.5169,299.12,64,96,2.96,US,1681159731
67,klyuchi,52.2667,79.1667,277.59,50,67,4.53,RU,1681159731
68,hermanus,-34.4187,19.2345,285.26,69,99,3.98,ZA,1681159732
69,nuuk,64.1835,-51.7216,277.49,70,20,2.57,GL,1681159733
70,mount gambier,-37.8333,140.7667,282.36,95,81,1.73,AU,1681159733
71,hithadhoo,-0.6,73.0833,301.1,67,12,1.4,MV,1681159733
72,sao felix do xingu,-6.6447,-51.995,299.13,88,45,0.41,BR,1681159734
73,mareeba,-17.0,145.4333,295.62,93,73,0.61,AU,1681159734
74,leningradskiy,69.3833,178.4167,251.83,87,91,2.53,RU,1681159654
75,labuhan,-6.8844,112.2051,298.01,86,96,3.28,ID,1681159735
76,lebu,-37.6167,-73.65,290.79,87,76,3.25,CL,1681159714
77,barra,-11.0894,-43.1417,302.44,50,65,3.29,BR,1681159736
78,maceio,-9.6658,-35.7353,301.84,78,20,5.14,BR,1681159737
79,port-gentil,-0.7193,8.7815,301.13,78,40,5.14,GA,1681159737
80,finschhafen,-6.6024,147.8681,298.59,85,100,1.0,PG,1681159737
81,cascais,38.6979,-9.4215,289.23,79,20,6.71,PT,1681159738
82,laguna,38.421,-121.4238,300.35,39,0,0.0,US,1681159580
83,iskateley,67.6803,53.1512,273.1,97,100,7.7,RU,1681159739
84,mar del plata,-38.0023,-57.5575,290.98,76,100,6.69,AR,1681159740
85,odweyne,9.4092,45.064,298.71,52,25,4.47,SO,1681159740
86,manakara,-22.1333,48.0167,295.13,93,12,1.58,MG,1681159740
87,kruisfontein,-34.0033,24.7314,286.49,67,7,11.16,ZA,1681159741
88,hobart,-42.8794,147.3294,285.07,89,75,4.12,AU,1681159504
89,souillac,-20.5167,57.5167,298.36,94,75,1.54,MU,1681159667
90,port hardy,50.6996,-127.4199,283.25,71,100,5.14,CA,1681159669
91,cedar city,37.6775,-113.0619,295.04,17,0,0.0,US,1681159743
92,airai,-8.9266,125.4092,288.53,94,73,1.08,TL,1681159743
93,lagoa,39.05,-27.9833,289.05,82,74,4.71,PT,1681159667
94,san cristobal,7.7669,-72.225,300.25,49,95,2.51,VE,1681159745
95,anadyr,64.75,177.4833,255.43,60,0,5.0,RU,1681159745
96,avarua,-21.2078,-159.775,300.18,65,27,3.6,CK,1681159746
97,samana,19.2056,-69.3369,306.27,62,40,4.12,DO,1681159747
98,svetlogorsk,52.6333,29.7333,283.47,65,98,0.99,BY,1681159747
99,lago da pedra,-4.3333,-45.1667,297.14,96,100,1.91,BR,1681159748
100,nanortalik,60.1432,-45.2371,274.27,94,100,1.5,GL,1681159748
101,shelabolikha,53.4131,82.6167,276.98,60,17,6.94,RU,1681159749
102,georgetown,5.4112,100.3354,300.11,94,20,1.54,MY,1681159506
103,qaanaaq,77.484,-69.3632,251.01,80,0,0.66,GL,1681159750
104,teguldet,57.3064,88.1667,273.98,81,96,5.39,RU,1681159666
105,ha tinh,18.3333,105.9,295.83,96,73,0.79,VN,1681159751
106,tual,-5.6667,132.75,301.66,73,93,2.73,ID,1681159674
107,pouembout,-21.1333,164.9,299.66,68,2,0.78,NC,1681159694
108,andenes,69.3143,16.1194,276.14,87,20,7.72,NO,1681159753
109,bathsheba,13.2167,-59.5167,301.49,69,75,8.75,BB,1681159754
110,clyde river,70.4692,-68.5914,255.28,78,0,4.63,CA,1681159754
111,port alfred,-33.5906,26.891,288.81,62,19,4.92,ZA,1681159754
112,new norfolk,-42.7826,147.0587,284.87,80,100,0.69,AU,1681159755
113,touros,-5.1989,-35.4608,299.35,80,17,4.95,BR,1681159481
114,manicore,-5.8092,-61.3003,302.12,79,0,2.57,BR,1681159756
115,taoudenni,22.6783,-3.9836,300.82,8,98,6.41,ML,1681159756
116,geraldton,-28.7667,114.6,292.38,68,100,3.09,AU,1681159758
117,tomatlan,19.9333,-105.25,306.82,25,95,5.01,MX,1681159571
118,padang,-0.9492,100.3543,298.05,88,98,1.49,ID,1681159760
119,serenje,-13.2325,30.2352,289.87,97,90,1.6,ZM,1681159760
120,coahuayana,18.7333,-103.6833,305.46,40,100,3.66,MX,1681159714
121,svetlyy,54.675,20.1347,275.18,75,9,2.86,RU,1681159761
122,mandalgovi,45.7625,106.2708,266.22,28,0,4.19,MN,1681159762
123,barcelos,41.5388,-8.6151,288.62,95,44,1.64,PT,1681159762
124,east london,-33.0153,27.9116,289.16,58,0,10.94,ZA,1681159763
125,north myrtle beach,33.816,-78.68,293.22,40,0,4.12,US,1681159512
126,lavrentiya,65.5833,-171.0,249.84,82,27,0.31,RU,1681159764
127,tagusao,9.1924,117.8141,299.12,83,100,1.25,PH,1681159765
128,norman wells,65.282,-126.8329,270.17,80,100,10.8,CA,1681159765
129,maniitsoq,65.4167,-52.9,274.92,75,46,5.52,GL,1681159766
130,vardo,70.3705,31.1107,276.14,87,75,9.26,NO,1681159767
131,kamenka,51.3223,42.7678,280.87,50,1,2.93,RU,1681159767
132,saint george,37.1041,-113.5841,303.39,15,0,2.24,US,1681159735
133,cape town,-33.9258,18.4232,291.14,60,75,1.54,ZA,1681159617
134,cardston,49.2,-113.3019,292.2,39,90,5.66,CA,1681159769
135,teya,60.3778,92.6267,269.16,97,100,1.82,RU,1681159769
136,carnarvon,-24.8667,113.6333,295.09,60,37,7.71,AU,1681159607
137,belogorsk,50.9158,128.4611,276.55,82,55,2.52,RU,1681159770
138,ambilobe,-13.2,49.05,296.11,94,56,1.23,MG,1681159771
139,porto velho,-8.7619,-63.9039,303.18,70,40,2.06,BR,1681159772
140,lazaro cardenas,17.9583,-102.2,303.08,53,97,4.85,MX,1681159504
141,ilhabela,-23.7781,-45.3581,295.62,73,27,2.2,BR,1681159773
142,port lincoln,-34.7333,135.8667,291.12,73,82,7.07,AU,1681159673
143,sudzha,51.1976,35.2726,281.08,58,14,3.01,RU,1681159774
144,esperance,-33.8667,121.9,289.92,70,53,11.0,AU,1681159619
145,kuminskiy,58.6667,66.5667,268.73,61,25,3.63,RU,1681159775
146,tyukhtet,56.5389,89.3011,274.55,70,92,6.21,RU,1681159776
147,hirado,33.3597,129.5531,286.7,77,97,7.07,JP,1681159776
148,honningsvag,70.9821,25.9704,276.01,93,100,7.72,NO,1681159777
149,benghazi,32.1167,20.0667,288.39,67,11,6.19,LY,1681159777
150,machico,32.7,-16.7667,293.5,52,20,7.72,PT,1681159777
151,fremont,37.5483,-121.9886,301.28,52,0,4.63,US,1681159600
152,scarborough,54.2797,-0.4044,280.81,85,48,3.13,GB,1681159663
153,cairns,-16.9167,145.7667,298.74,100,40,0.0,AU,1681159576
154,sterling,39.0062,-77.4286,293.44,25,0,2.24,US,1681159618
155,tasiilaq,65.6145,-37.6368,275.24,87,99,6.35,GL,1681159780
156,namatanai,-3.6667,152.4333,298.9,84,100,0.74,PG,1681159780
157,yulara,-25.2406,130.9889,296.19,34,100,3.65,AU,1681159781
158,wajir,1.7471,40.0573,300.6,61,89,7.06,KE,1681159781
159,mabaruma,8.2,-59.7833,301.31,64,78,3.06,GY,1681159782
160,comodoro rivadavia,-45.8667,-67.5,286.07,54,20,5.14,AR,1681159649
161,grand-santi,4.25,-54.3833,300.41,75,71,2.14,GF,1681159783
162,waingapu,-9.6567,120.2641,297.87,88,100,2.9,ID,1681159783
163,bar-le-duc,48.75,5.1667,284.36,97,100,6.56,FR,1681159784
164,kaeo,-35.1,173.7833,290.0,97,23,3.85,NZ,1681159784
165,general roca,-39.0333,-67.5833,286.27,60,100,3.02,AR,1681159785
166,zhigansk,66.7697,123.3711,242.59,94,33,1.89,RU,1681159785
167,bartica,6.4,-58.6167,305.33,57,96,3.0,GY,1681159786
168,nabire,-3.3667,135.4833,297.59,90,85,1.39,ID,1681159787
169,provideniya,64.3833,-173.3,256.21,60,0,0.0,RU,1681159787
170,tokur,53.1333,132.9,269.84,93,100,1.59,RU,1681159787
171,soe,-9.8607,124.284,291.24,91,40,2.08,ID,1681159788
172,baiyin,36.5583,104.2081,279.06,30,0,1.21,CN,1681159788
173,constitucion,-35.3333,-72.4167,291.25,81,100,4.59,CL,1681159692
174,narsaq,60.9167,-46.05,281.27,58,95,5.48,GL,1681159789
175,manubul,5.4732,120.7986,300.55,77,85,4.04,PH,1681159789
176,ahuimanu,21.4447,-157.8378,299.99,70,40,7.2,US,1681159790
177,mitu,1.1983,-70.1733,300.76,73,100,0.17,CO,1681159714
178,vancouver,49.2497,-123.1193,283.7,80,100,3.09,CA,1681158947
179,viedma,-40.8135,-62.9967,287.31,53,100,6.82,AR,1681159791
180,lorengau,-2.0226,147.2712,298.53,87,100,2.15,PG,1681159792
181,barrow,71.2906,-156.7887,256.16,71,100,6.69,US,1681159792
182,inongo,-1.95,18.2667,296.58,91,82,2.17,CD,1681159792
183,alugan,12.2188,125.4808,296.48,96,100,6.92,PH,1681159793
184,kununurra,-15.7667,128.7333,298.14,94,90,3.09,AU,1681159793
185,kutum,14.2,24.6667,300.59,11,47,3.72,SD,1681159794
186,voh,-20.9667,164.7,299.69,67,1,0.79,NC,1681159794
187,miraflores,19.2167,-98.8083,295.57,44,100,1.84,MX,1681159795
188,cua,10.1589,-66.8858,307.23,35,71,1.51,VE,1681159795
189,saint anthony,45.0205,-93.218,295.09,26,0,2.57,US,1681159796
190,henties bay,-22.116,14.2845,287.12,80,0,2.14,NA,1681159796
191,pachperwa,27.5167,82.65,296.59,20,5,3.4,IN,1681159796
192,chara,56.9064,118.2631,264.04,79,100,5.25,RU,1681159797
193,palmer,42.1584,-72.3287,292.69,13,0,2.57,US,1681159592
194,soltsy,58.1239,30.3238,280.13,74,79,1.08,RU,1681159798
195,kahului,20.8947,-156.47,300.16,66,40,8.75,US,1681159627
196,ayna,-12.65,-73.9167,293.44,73,71,1.79,PE,1681159798
197,lukovetskiy,64.2956,41.9211,272.1,94,99,1.8,RU,1681159799
198,vankleek hill,45.5168,-74.6493,290.03,66,34,6.33,CA,1681159799
199,tahoua,14.8888,5.2692,308.14,10,84,4.12,NE,1681159800
200,klaksvik,62.2266,-6.589,279.66,91,100,11.43,FO,1681159800
201,maldonado,-34.6667,-54.9167,296.81,74,33,3.03,UY,1681159801
202,at-bashi,41.1702,75.8106,276.11,97,100,1.54,KG,1681159802
203,srednekolymsk,67.45,153.6833,251.42,89,82,2.63,RU,1681159802
204,cabo san lucas,22.8909,-109.9124,301.82,32,75,4.12,MX,1681159521
205,kanniyakumari,8.0833,77.5667,301.07,80,2,6.45,IN,1681159803
206,ola,59.5833,151.2833,264.53,76,97,3.76,RU,1681159804
207,jamestown,42.097,-79.2353,290.95,14,0,2.57,US,1681159804
208,kenai,60.5544,-151.2583,269.2,81,100,1.54,US,1681159805
209,hualmay,-11.0964,-77.6139,299.32,73,51,5.3,PE,1681159806
210,xinzhou,38.4092,112.7333,281.02,31,68,1.32,CN,1681159808
211,sur,22.5667,59.5289,299.41,65,34,2.4,OM,1681159808
212,darlington,54.5243,-1.5504,281.29,78,20,5.66,GB,1681159809
213,butaritari,3.0707,172.7902,300.38,82,85,5.72,KI,1681159619
214,camacha,33.0833,-16.3333,289.83,77,20,3.09,PT,1681159673
215,tocopilla,-22.092,-70.1979,296.25,68,17,3.95,CL,1681159661
216,makakilo city,21.3469,-158.0858,299.33,65,75,6.69,US,1681159811
217,kaitangata,-46.2817,169.8464,286.45,98,100,1.96,NZ,1681159617
218,beringovskiy,63.05,179.3167,259.2,82,99,7.48,RU,1681159812
219,nome,64.5011,-165.4064,250.19,77,0,0.0,US,1681159792
220,livingstonia,-10.606,34.1063,291.86,87,79,0.77,MW,1681159813
221,iki-burul,45.8208,44.6472,283.75,67,95,5.33,RU,1681159814
222,kachug,53.9606,105.8817,260.32,90,25,0.86,RU,1681159814
223,baghmara,23.795,86.2085,300.88,14,0,1.94,IN,1681159814
224,saint-augustin,51.226,-58.6502,276.81,73,83,4.45,CA,1681159815
225,eureka,40.8021,-124.1637,299.12,79,81,4.47,US,1681159815
226,chokurdakh,70.6333,147.9167,250.43,88,99,3.21,RU,1681159816
227,dindori,22.95,81.0833,297.06,20,4,1.07,IN,1681159816
228,dekar,-21.5333,21.9333,291.87,79,73,1.95,BW,1681159817
229,leopold,-38.1833,144.4667,285.27,92,100,3.6,AU,1681159818
230,sao filipe,14.8961,-24.4956,295.32,68,51,3.78,CV,1681159819
231,adeje,28.1227,-16.726,299.64,52,0,11.83,ES,1681159819
232,hamina,60.5697,27.1979,277.75,99,71,2.41,FI,1681159820
233,tautira,-17.7333,-149.15,299.94,79,99,4.72,PF,1681159820
234,lompoc,34.6391,-120.4579,299.83,69,20,2.24,US,1681159613
235,karratha,-20.7377,116.8463,298.49,41,99,5.22,AU,1681159821
236,talcahuano,-36.7167,-73.1167,292.97,83,75,1.54,CL,1681159815
237,nautla,20.2167,-96.7833,299.44,71,96,4.18,MX,1681159572
238,matara,5.9485,80.5353,297.79,85,40,4.7,LK,1681159822
239,chuy,-33.6971,-53.4616,294.11,77,23,3.96,UY,1681159661
240,cockburn town,21.4612,-71.1419,299.38,71,80,4.1,TC,1681159581
241,alofi,-19.0595,-169.9187,298.09,94,75,5.66,NU,1681159824
242,myslenice,49.8338,19.9383,279.9,93,21,1.63,PL,1681159824
243,talnakh,69.4865,88.3972,244.93,97,86,1.0,RU,1681159825
244,cherskiy,68.75,161.3,253.2,77,3,1.57,RU,1681159825
245,paamiut,61.994,-49.6678,273.07,91,92,4.32,GL,1681159826
246,wunsiedel,50.0333,12.0167,282.19,58,100,4.92,DE,1681159826
247,qaqortoq,60.7167,-46.0333,278.22,51,86,6.38,GL,1681159827
248,necochea,-38.5473,-58.7368,287.28,62,69,6.21,AR,1681159827
249,cayenne,4.9333,-52.3333,300.17,83,40,3.09,GF,1681159828
250,balkanabat,39.5108,54.3671,291.78,41,60,4.15,TM,1681159828
251,ribeira grande,38.5167,-28.7,290.37,88,40,5.36,PT,1681159828
252,hambantota,6.1241,81.1185,299.04,80,29,5.43,LK,1681159829
253,filingue,14.3521,3.3168,306.41,11,100,5.58,NE,1681159829
254,latung,5.5,120.8833,300.54,77,82,3.76,PH,1681159830
255,aguimes,27.9054,-15.4461,294.5,49,0,9.77,ES,1681159830
256,najran,17.4924,44.1277,293.51,67,0,2.84,SA,1681159831
257,vaini,-21.2,-175.2,301.24,78,20,4.12,TO,1681159832
258,dingle,10.9995,122.6711,297.48,83,100,2.35,PH,1681159647
259,abu samrah,35.3029,37.1841,292.38,57,100,8.93,SY,1681159833
260,yumen,40.2833,97.2,278.82,26,4,2.08,CN,1681159833
261,banda aceh,5.5577,95.3222,299.08,84,84,1.05,ID,1681159625
262,macamic,48.7502,-78.9996,278.52,97,100,3.51,CA,1681159834
263,itarema,-2.9248,-39.9167,297.7,92,100,2.92,BR,1681159834
264,yar-sale,66.8333,70.8333,247.87,96,73,3.44,RU,1681159835
265,limanowa,49.7059,20.422,277.88,94,68,1.48,PL,1681159835
266,hofn,64.2539,-15.2082,277.74,92,100,6.2,IS,1681159836
267,ziarat,30.3823,67.7282,284.74,41,36,0.59,PK,1681159836
268,port blair,11.6667,92.75,300.27,76,55,0.69,IN,1681159837
269,tiksi,71.6872,128.8694,244.45,100,70,1.13,RU,1681159837
270,port elizabeth,-33.918,25.5701,289.31,78,0,8.75,ZA,1681159838
271,novyy urgal,51.0736,132.5642,277.66,80,100,2.53,RU,1681159838
272,ketchikan,55.3422,-131.6461,280.41,65,100,5.66,US,1681159839
273,asyut,27.181,31.1837,297.25,46,100,8.54,EG,1681159840
274,rio grande,-32.035,-52.0986,299.21,82,76,4.74,BR,1681159840
275,varazdin,46.3044,16.3378,280.31,63,2,0.76,HR,1681159840
276,tongliao,43.6125,122.2653,280.21,18,31,7.5,CN,1681159841
277,flinders,-34.5833,150.8552,285.96,73,60,2.24,AU,1681159634
278,puerto quijarro,-17.7833,-57.7667,299.11,87,84,0.27,BO,1681159842
279,olafsvik,64.8945,-23.7142,278.16,85,100,4.84,IS,1681159665
280,bubaque,11.2833,-15.8333,298.01,72,38,6.97,GW,1681159843
281,nichinan,31.6,131.3667,285.97,77,99,1.88,JP,1681159843
282,havoysund,70.9963,24.6622,276.28,91,100,6.09,NO,1681159844
283,angoram,-4.0625,144.0661,296.56,98,100,0.35,PG,1681159844
284,iqaluit,63.7506,-68.5145,256.0,71,40,1.03,CA,1681159644
285,baturyn,51.3457,32.8779,281.33,70,9,2.76,UA,1681159845
286,ashqelon,31.6693,34.5715,294.09,91,9,6.4,IL,1681159846
287,safaga,26.7292,33.9365,298.05,64,97,6.22,EG,1681159846
288,broome,42.2506,-75.833,292.09,18,0,2.06,US,1681159847
289,san antonio,29.4241,-98.4936,297.1,74,100,1.54,US,1681159576
290,zhengjiatun,43.5064,123.5064,279.91,26,63,3.0,CN,1681159847
291,okhotsk,59.3833,143.3,258.52,67,0,8.82,RU,1681159848
292,kaoma,-14.7833,24.8,293.52,70,91,1.36,ZM,1681159848
293,ixtapa,20.7,-105.2,298.72,78,75,5.14,MX,1681159613
294,kavieng,-2.5744,150.7967,299.71,82,100,3.8,PG,1681159850
295,shitanjing,39.2342,106.3439,276.94,16,75,1.59,CN,1681159850
296,sept-iles,50.2001,-66.3821,283.15,47,75,8.23,CA,1681159851
297,salta,-24.7859,-65.4117,298.48,66,40,4.63,AR,1681159851
298,hongjiang,27.11,109.9956,291.56,95,51,0.84,CN,1681159852
299,killam,52.7834,-111.8518,284.12,30,95,3.09,CA,1681159852
300,bethel,41.3712,-73.414,293.5,21,0,4.12,US,1681159853
301,almaznyy,48.0448,40.045,281.9,68,100,4.94,RU,1681159853
302,bandarbeyla,9.4942,50.8122,300.77,77,45,4.24,SO,1681159854
303,kurumkan,54.3,110.3,261.56,74,65,3.06,RU,1681159854
304,lubao,14.9167,120.55,299.99,87,98,2.08,PH,1681159854
305,katobu,-4.9408,122.5276,296.9,93,61,1.47,ID,1681159855
306,newport,51.5877,-2.9984,283.4,81,1,10.52,GB,1681159855
307,praia da vitoria,38.7333,-27.0667,291.29,77,20,4.2,PT,1681159856
308,sisimiut,66.9395,-53.6735,270.29,89,34,5.3,GL,1681159856
309,sydney,-33.8679,151.2073,285.53,71,20,6.69,AU,1681159776
310,vanavara,60.34,102.2797,258.5,96,97,2.14,RU,1681159857
311,mount isa,-20.7333,139.5,285.02,76,82,0.0,AU,1681159857
312,oranjestad,12.524,-70.027,303.12,80,40,10.29,AW,1681159818
313,ust-nera,64.5667,143.2,251.12,100,99,1.01,RU,1681159858
314,marapanim,-0.7175,-47.6997,298.64,93,100,1.47,BR,1681159859
315,bilibino,68.0546,166.4372,252.56,88,7,1.91,RU,1681159859
316,gornopravdinsk,60.05,69.9,262.93,88,100,4.39,RU,1681159860
317,sitka,57.0531,-135.33,279.09,49,75,4.63,US,1681159836
318,huaicheng,23.9051,112.1931,292.83,98,100,0.5,CN,1681159861
319,mao,39.8885,4.2658,285.46,94,0,0.51,ES,1681159861
320,pacific grove,36.6177,-121.9166,297.25,76,0,3.09,US,1681159862
321,oussouye,12.485,-16.5469,299.25,69,11,5.79,SN,1681159862
322,laurens,32.4502,-82.9165,293.88,38,0,5.14,US,1681159863
323,teguise,29.0605,-13.564,294.27,40,0,8.23,ES,1681159864
324,gerede,40.8008,32.1969,275.7,96,100,1.43,TR,1681159864
325,san juan,-31.5375,-68.5364,302.8,32,15,3.2,AR,1681159732
326,sairang,23.8,92.6667,293.93,54,0,1.45,IN,1681159865
327,redlands,34.0556,-117.1825,305.97,25,0,1.34,US,1681159866
328,miles city,46.4083,-105.8406,297.69,23,0,5.66,US,1681159866
329,grafton,42.207,-71.6856,292.78,15,0,4.12,US,1681159867
330,milkovo,54.7167,158.6167,272.74,99,100,1.45,RU,1681159867
331,winnemucca,40.973,-117.7357,299.18,17,0,5.66,US,1681159632
332,kyren,51.6828,102.1408,264.6,64,3,1.12,RU,1681159868
333,manggar,-2.8833,108.2667,298.8,84,100,2.52,ID,1681159869
334,katherine,-14.4667,132.2667,297.33,94,19,1.54,AU,1681159871
335,votkinsk,57.0486,53.9872,273.02,72,18,2.47,RU,1681159871
336,luderitz,-26.6481,15.1594,290.13,45,0,7.6,NA,1681159640
337,hutchinson,38.0608,-97.9298,300.12,21,0,4.63,US,1681159759
338,ilebo,-4.3167,20.5833,295.84,94,94,0.84,CD,1681159873
339,rundu,-17.9333,19.7667,294.65,61,100,1.75,NA,1681159874
340,robertsport,6.7533,-11.3686,300.06,85,96,3.36,LR,1681159875
341,vilyuysk,63.7553,121.6247,252.45,99,100,1.09,RU,1681159875
342,broken hill,-31.95,141.4333,284.73,60,6,2.71,AU,1681159876
343,bereda,43.2686,-7.5406,286.56,94,100,1.11,ES,1681159876
344,sorkjosen,69.8,20.9333,273.49,88,24,2.68,NO,1681159877
345,muros,42.7762,-9.0603,288.76,92,100,1.67,ES,1681159877
346,leninskoye,41.7589,69.3864,283.23,73,23,0.85,KZ,1681159878
347,marsh harbour,26.5412,-77.0636,296.11,77,100,13.12,BS,1681159878
348,hihya,30.6713,31.588,287.39,86,73,3.2,EG,1681159879
349,marawi,7.9986,124.2928,292.03,91,98,0.52,PH,1681159700
350,aklavik,68.2191,-135.0107,261.15,72,100,5.66,CA,1681159880
351,chebenki,51.9337,55.7077,276.01,52,0,2.09,RU,1681159880
352,nema,57.5067,50.5011,271.92,87,25,1.59,RU,1681159881
353,port hedland,-20.3167,118.5667,297.18,46,96,3.09,AU,1681159881
354,bonavista,48.6499,-53.1147,272.82,87,21,2.01,CA,1681159882
355,fort nelson,58.8053,-122.7002,281.92,25,75,8.75,CA,1681159603
356,ukiah,39.1502,-123.2078,298.95,38,0,3.6,US,1681159684
357,mincivan,39.0294,46.7185,285.27,77,100,0.89,AZ,1681159883
358,asadabad,34.7824,48.1185,286.12,40,100,1.98,IR,1681159884
359,avera,33.194,-82.5271,292.9,38,100,5.37,US,1681159884
360,cugir,45.8333,23.3667,280.93,88,100,0.74,RO,1681159884
361,jaranwala,31.3333,73.4333,296.6,28,0,2.45,PK,1681159885
362,peterhead,57.5058,-1.7981,281.18,73,97,5.9,GB,1681159885
363,areosa,41.7178,-8.8571,286.72,93,51,2.95,PT,1681159887
364,miyang,24.4042,103.4428,289.57,41,0,1.24,CN,1681159887
365,christchurch,-43.5333,172.6333,288.33,74,97,2.57,NZ,1681159639
366,zhezkazgan,47.8043,67.7144,282.2,43,92,3.8,KZ,1681159888
367,mehamn,71.0357,27.8492,276.12,100,75,7.72,NO,1681159889
368,balaipungut,1.05,101.2833,296.85,93,78,0.23,ID,1681159889
369,los llanos de aridane,28.6585,-17.9182,293.01,64,0,6.69,ES,1681159890
370,gallup,35.5281,-108.7426,297.06,14,0,5.14,US,1681159738
371,devonport,-41.1667,146.35,282.64,81,81,2.59,AU,1681159890
372,birjand,32.8663,59.2211,287.41,26,0,2.06,IR,1681159891
373,san vicente,-26.6167,-54.1333,296.02,64,92,1.03,AR,1681159891
374,quatre cocos,-20.2078,57.7625,298.21,84,100,3.15,MU,1681159892
375,turukhansk,65.8167,87.9833,254.74,90,100,2.55,RU,1681159892
376,soyo,-6.1349,12.3689,299.83,82,100,1.64,AO,1681159892
377,le vauclin,14.5452,-60.8388,302.18,54,20,7.2,MQ,1681159893
378,liwonde,-15.0506,35.2035,294.38,92,34,0.85,MW,1681159893
379,pokhvistnevo,53.6524,52.1274,278.91,66,10,2.61,RU,1681159894
380,abu kamal,34.4506,40.9171,293.69,49,93,2.98,SY,1681159894
381,nantucket,41.2835,-70.0995,286.23,69,0,8.23,US,1681159895
382,buraydah,26.326,43.975,291.4,59,100,6.5,SA,1681159895
383,tanabe,33.7333,135.3667,287.54,84,85,2.77,JP,1681159895
384,karymskoye,51.6167,114.35,265.97,60,100,10.05,RU,1681159896
385,donskoye,45.4552,41.9741,284.22,63,100,7.51,RU,1681159896
386,korgen,66.0771,13.8153,278.33,86,29,3.79,NO,1681159897
387,santa rosa,14.3122,121.1114,299.88,78,86,2.39,PH,1681159897
388,oranjemund,-28.55,16.4333,287.51,78,0,7.47,NA,1681159898
389,kokopo,-4.352,152.2633,297.23,90,100,1.21,PG,1681159898
390,udachnyy,66.4167,112.4,240.3,99,64,2.32,RU,1681159899
391,riihimaki,60.7377,24.7773,275.43,69,100,1.43,FI,1681159900
392,iralaya,15.0,-83.2333,301.33,62,1,5.01,HN,1681159901
393,lata,40.1629,-8.3327,283.63,96,63,0.96,PT,1681159901
394,floro,61.5996,5.0328,283.13,53,100,8.75,NO,1681159720
395,nelson bay,-32.7167,152.15,286.48,70,0,4.92,AU,1681159902
396,rockhampton,-23.3833,150.5,288.09,88,2,0.0,AU,1681159902
397,onverwacht,5.5833,-55.1833,303.15,59,40,3.6,SR,1681159903
398,caravelas,-17.7125,-39.2481,297.98,86,78,5.8,BR,1681159904
399,schweinfurt,50.05,10.2333,285.17,67,100,4.64,DE,1681159904
400,torbay,47.6666,-52.7314,278.08,78,75,3.09,CA,1681159905
401,saint-michel-des-saints,46.6834,-73.9159,283.5,81,42,5.76,CA,1681159868
402,tiznit,29.5833,-9.5,295.6,26,1,0.68,MA,1681159906
403,guatire,10.4762,-66.5427,300.83,68,96,1.15,VE,1681159906
404,kavaratti,10.5669,72.642,301.15,72,71,2.05,IN,1681159608
405,pakdasht,35.4752,51.6807,295.15,23,99,2.47,IR,1681159908
406,muisne,0.6,-80.0333,300.97,75,49,3.05,EC,1681159908
407,moustheni,40.8667,24.1167,283.44,85,100,1.04,GR,1681159909
408,arman,59.7,150.1667,263.94,76,100,4.37,RU,1681159909
409,marsabit,2.3284,37.9899,294.14,65,71,5.86,KE,1681159910
410,presidencia roque saenz pena,-26.7852,-60.4388,303.03,31,0,1.62,AR,1681159910
411,ayorou,14.7308,0.9174,307.36,13,47,8.63,NE,1681159911
412,tuatapere,-46.1333,167.6833,286.66,98,100,1.91,NZ,1681159814
413,carutapera,-1.195,-46.02,297.87,92,89,1.91,BR,1681159912
414,fukue,32.6881,128.8419,290.26,75,100,6.53,JP,1681159912
415,verkhnyaya inta,65.9811,60.3094,269.49,95,100,8.34,RU,1681159912
416,nizwa,22.9333,57.5333,296.99,47,8,2.02,OM,1681159913
417,yerbogachen,61.2767,108.0108,248.14,100,90,1.5,RU,1681159623
418,ardmore,34.1743,-97.1436,296.4,49,75,2.57,US,1681159914
419,ancud,-41.8697,-73.8203,287.25,99,97,3.95,CL,1681159687
420,harper,4.375,-7.7169,300.12,82,100,2.37,LR,1681159915
421,sande,53.5049,8.0142,284.38,94,100,8.0,DE,1681159915
422,faanui,-16.4833,-151.75,301.24,71,96,5.57,PF,1681159915
423,tecpan,14.7623,-90.9947,294.05,29,49,3.53,GT,1681159676
424,north las vegas,36.1989,-115.1175,304.63,12,0,5.14,US,1681159871
425,portland,45.5234,-122.6762,283.44,94,100,1.54,US,1681159631
426,warwick,41.7001,-71.4162,293.55,44,40,6.69,US,1681159911
427,mayo,38.8876,-76.5119,293.67,36,0,5.66,US,1681159918
428,mujiayingzi,42.1167,118.7833,274.42,14,0,10.99,CN,1681159918
429,awjilah,29.1081,21.2869,289.02,57,100,6.81,LY,1681159918
430,omsukchan,62.5333,155.8,258.5,94,99,4.11,RU,1681159919
431,nyurba,63.2842,118.3319,250.44,100,100,0.69,RU,1681159920
432,whitehorse,60.7161,-135.0538,276.54,35,75,7.2,CA,1681159657
433,fortuna,40.5982,-124.1573,291.68,80,70,5.01,US,1681159921
434,middelburg,-25.7751,29.4648,286.77,89,100,1.29,ZA,1681159921
435,chauk,20.8833,94.8167,302.21,42,0,1.58,MM,1681159921
436,banikoara,11.2985,2.4386,306.32,13,100,1.68,BJ,1681159922
437,san rafael,-34.6177,-68.3301,296.67,44,100,2.83,AR,1681159838
438,fairbanks,64.8378,-147.7164,261.53,59,100,0.89,US,1681159767
439,farah,32.5,62.5,293.95,26,9,1.56,AF,1681159924
440,pionerskiy,54.9508,20.2275,275.06,77,9,2.96,RU,1681159924
441,hasaki,35.7333,140.8333,287.37,71,0,8.59,JP,1681159676
442,nizhniy tsasuchey,50.5167,115.1333,266.57,52,100,14.22,RU,1681159925
443,plouzane,48.3833,-4.6167,283.18,79,20,7.2,FR,1681159925
444,los cedrales,-25.65,-54.7,303.31,68,5,1.6,PY,1681159926
445,yelizovo,53.1873,158.3805,274.23,74,75,2.0,RU,1681159926
446,pangnirtung,66.1451,-65.7125,258.15,72,0,1.54,CA,1681159927
447,mazagao,-0.115,-51.2894,304.18,90,83,1.78,BR,1681159927
448,kokoda,-8.8785,147.7407,296.41,89,100,0.98,PG,1681159928
449,san jeronimo,-11.9472,-75.2829,287.72,63,96,1.49,PE,1681159928
450,indian head,38.6001,-77.1622,293.84,22,0,4.12,US,1681159929
451,ulaangom,49.9811,92.0667,265.41,73,42,0.5,MN,1681159929
452,araouane,18.9048,-3.5265,302.75,13,95,4.85,ML,1681159930
453,safranbolu,41.2508,32.6942,281.11,91,100,1.15,TR,1681159931
454,yeppoon,-23.1333,150.7333,288.03,62,1,2.6,AU,1681159931
455,douglas,41.3,-96.167,296.64,47,75,3.09,US,1681159932
456,valea chioarului,47.4333,23.4833,281.63,90,60,0.46,RO,1681159932
457,sierpc,52.8568,19.6691,284.81,73,6,1.95,PL,1681159933
458,oksfjord,70.2396,22.3479,274.25,88,48,2.27,NO,1681159934
459,orlik,52.5178,99.825,255.9,93,26,1.44,RU,1681159934
460,pundaguitan,6.3711,126.1689,300.41,77,100,2.0,PH,1681159935
461,xiuyan,40.2928,123.2744,281.26,93,99,0.66,CN,1681159935
462,kouqian,43.6391,126.4578,283.47,77,98,7.33,CN,1681159936
463,bonfim,3.0833,-59.95,309.17,27,98,2.67,BR,1681159936
464,payson,40.0444,-111.7321,296.09,28,62,0.89,US,1681159937
465,meulaboh,4.1363,96.1285,297.73,88,78,1.04,ID,1681159937
466,edinburg,55.9521,-3.1965,280.25,70,10,0.89,GB,1681159886
467,kedrovyy,56.1667,91.8167,276.41,70,100,5.52,RU,1681159938
468,sumkino,58.1108,68.3244,267.83,59,37,4.73,RU,1681159939
469,isangel,-19.55,169.2667,301.24,76,3,1.94,VU,1681159939
470,kabare,-2.4683,28.8242,289.4,96,83,0.2,CD,1681159940
471,bilma,18.6853,12.9164,301.71,17,85,7.25,NE,1681159940
472,flin flon,54.7682,-101.865,286.06,30,20,10.29,CA,1681159669
473,dalbandin,28.8947,64.4101,297.94,22,88,1.81,PK,1681159942
474,channarayapatna,12.9044,76.3917,296.9,52,10,1.93,IN,1681159943
475,visnes,59.3556,5.2242,281.18,76,100,8.75,NO,1681159943
476,korla,41.7597,86.1469,285.71,27,96,2.23,CN,1681159944
477,puerto palomas,31.7667,-107.6167,301.18,17,0,6.76,MX,1681159944
478,abha,18.2164,42.5053,290.05,59,0,0.0,SA,1681159945
479,trairi,-3.2778,-39.2689,297.4,94,100,0.96,BR,1681159930
480,rocha,-34.4833,-54.3333,293.64,74,30,2.89,UY,1681159945
481,krasnoselkup,65.7,82.4667,252.61,97,100,5.68,RU,1681159946
482,kjollefjord,70.9457,27.3465,276.18,100,75,7.72,NO,1681159946
483,domoni,-12.2569,44.5319,299.18,85,38,1.53,KM,1681159947
484,mega,4.05,38.3,290.41,73,86,4.54,ET,1681159947
485,zatoka,46.0725,30.4654,283.31,80,100,7.46,UA,1681159948
486,axim,4.8699,-2.2405,300.53,82,100,3.66,GH,1681159948
487,richards bay,-28.783,32.0377,294.13,88,100,3.86,ZA,1681159948
488,rincon,32.296,-81.2354,294.77,39,75,5.14,US,1681159949
489,kabompo,-13.5927,24.2008,291.58,85,40,1.4,ZM,1681159949
490,salalah,17.0151,54.0924,301.2,74,20,2.06,OM,1681159950
491,les cayes,18.2,-73.75,301.2,63,0,3.93,HT,1681159950
492,coracao de maria,-12.2333,-38.75,298.52,70,65,4.31,BR,1681159951
493,ouadda,8.0777,22.4007,297.91,66,100,2.76,CF,1681159951
494,margate,51.3813,1.3862,282.54,74,12,2.24,GB,1681159711
495,solnechnyy,50.7214,136.6319,274.03,83,92,1.0,RU,1681159659
496,taikang,46.8333,124.4167,277.57,42,100,4.31,CN,1681159952
497,te anau,-45.4167,167.7167,284.74,95,100,0.44,NZ,1681159953
498,gat,31.61,34.7642,293.93,100,20,6.25,IL,1681159953
499,agadir,30.4202,-9.5982,300.4,51,1,1.18,MA,1681159954
500,tarko-sale,64.9225,77.785,254.32,92,100,7.77,RU,1681159954
501,bam,29.106,58.357,296.36,14,0,3.77,IR,1681159955
502,usukhchay,41.4225,47.9132,284.46,84,85,3.32,RU,1681159955
503,nata,8.3333,-80.5167,304.08,40,60,8.46,PA,1681159956
504,seymchan,62.8833,152.4333,257.46,85,100,3.71,RU,1681159956
505,tsiroanomandidy,-18.7667,46.0333,291.58,92,4,0.67,MG,1681159957
506,magadan,59.5667,150.8,262.9,77,97,3.49,RU,1681159957
507,san lawrenz,36.0553,14.204,287.51,66,25,1.79,MT,1681159957
508,saint-georges,12.0564,-61.7485,301.97,74,20,10.29,GD,1681159958
509,hay river,60.8156,-115.7999,276.14,87,100,7.72,CA,1681159958
510,la asuncion,11.0333,-63.8628,309.0,46,12,8.23,VE,1681159959
511,grindavik,63.8424,-22.4338,279.12,93,75,3.09,IS,1681159959
512,kongwa,-6.2,36.4167,292.12,87,68,1.88,TZ,1681159960
513,hamilton,39.1834,-84.5333,295.9,22,0,3.6,US,1681159960
514,kpandu,6.9954,0.2931,301.57,68,100,0.84,GH,1681159961
515,lima,-12.0432,-77.0282,299.29,65,20,6.69,PE,1681159720
516,kasungu,-13.0333,33.4833,291.09,97,76,1.91,MW,1681159962
517,ponta do sol,32.6667,-17.1,293.5,72,1,3.59,PT,1681159962
518,bud,39.447,-86.1758,295.32,26,46,0.49,US,1681159962
519,chulym,55.0997,80.9572,274.56,95,87,5.86,RU,1681159963
520,dunedin,-45.8742,170.5036,286.68,95,100,2.43,NZ,1681159963
521,san jose,37.3394,-121.895,302.33,42,0,4.92,US,1681159762
522,molepolole,-24.4066,25.4951,289.23,70,56,1.1,BW,1681159964
523,coos bay,43.3665,-124.2179,283.88,97,100,0.0,US,1681159843
524,lasa,46.6166,10.7002,282.64,64,100,0.61,IT,1681159965
525,impfondo,1.6381,18.0667,296.3,91,98,0.45,CG,1681159965
526,esso,55.9333,158.7,271.08,93,100,1.21,RU,1681159966
527,atar,20.5169,-13.0499,303.49,20,68,2.64,MR,1681159966
528,bonnyville,54.2668,-110.735,283.04,48,15,6.63,CA,1681159897
529,stornoway,58.2093,-6.3865,279.22,92,100,2.06,GB,1681159968
530,iquique,-20.2208,-70.1431,297.17,71,17,3.98,CL,1681159747
531,honiara,-9.4333,159.95,298.23,89,100,1.26,SB,1681159969
532,timbiqui,2.7717,-77.6654,301.59,73,98,2.0,CO,1681159969
533,santa maria,-29.6842,-53.8069,303.76,40,20,3.6,BR,1681159686
534,krasni okny,47.5404,29.46,282.3,82,99,3.47,UA,1681159970
535,pisco,-13.7,-76.2167,299.18,69,0,9.26,PE,1681159970
536,lensk,60.7253,114.9278,259.54,97,100,0.44,RU,1681159971
537,pombas,17.1503,-25.0201,295.03,72,52,5.22,CV,1681159971
538,tyup,42.7276,78.3648,279.01,80,100,1.55,KG,1681159972
539,mutsu,41.2894,141.2169,282.58,81,67,3.56,JP,1681159972
540,la ronge,55.1001,-105.2842,285.29,16,20,7.72,CA,1681159973
541,roald,62.5833,6.1333,283.66,57,0,4.12,NO,1681159973
542,waitati,-45.75,170.5667,286.87,97,100,1.82,NZ,1681159974
543,svirsk,53.0858,103.3325,263.16,85,66,2.31,RU,1681159974
544,shimoda,34.6667,138.95,287.65,77,73,6.86,JP,1681159975
545,dhemaji,27.4833,94.5833,292.72,67,8,2.76,IN,1681159975
546,hovd,48.0056,91.6419,271.19,34,11,0.71,MN,1681159976
547,shetpe,44.1667,52.1167,287.36,53,100,1.67,KZ,1681159976
548,mahibadhoo,3.7833,72.9667,301.55,74,29,4.52,MV,1681159977
549,lahij,13.1667,44.5833,298.23,69,0,2.93,YE,1681159978
550,saint-pierre,-21.3393,55.4781,297.35,88,100,2.06,RE,1681159978
551,vostok,46.4856,135.8833,277.39,75,92,2.16,RU,1681159980
