City,Lat,Lng,Max Temp,Humidity,Cloudiness,Wind Speed,Country,Date
saint george,37.1041,-113.5841,303.39,15,0,3.6,US,1681160624
pellerd,46.0344,18.154,282.62,66,0,3.09,HU,1681160624
thompson,55.7435,-97.8558,287.24,33,75,6.17,CA,1681160409
lavrentiya,65.5833,-171.0,249.84,82,27,0.31,RU,1681160625
gwadar,25.1216,62.3254,298.64,67,66,5.08,PK,1681160626
narsaq,60.9167,-46.05,277.41,58,95,5.48,GL,1681160327
luderitz,-26.6481,15.1594,290.13,45,0,7.6,NA,1681160627
port alfred,-33.5906,26.891,288.81,60,19,4.92,ZA,1681160627
arraial do cabo,-22.9661,-42.0278,298.13,78,0,3.09,BR,1681160628
mataura,-46.1927,168.8643,284.53,99,100,0.88,NZ,1681160628
torbay,47.6666,-52.7314,278.57,78,75,3.09,CA,1681160629
hualmay,-11.0964,-77.6139,299.32,73,51,5.3,PE,1681160629
flin flon,54.7682,-101.865,286.06,30,20,10.29,CA,1681160629
fort nelson,58.8053,-122.7002,281.92,25,75,8.75,CA,1681160340
petropavlovsk-kamchatskiy,53.0452,158.6483,273.48,75,75,2.0,RU,1681160630
camacha,33.0833,-16.3333,289.83,77,20,3.09,PT,1681160631
hermanus,-34.4187,19.2345,288.74,69,99,3.98,ZA,1681160631
yeppoon,-23.1333,150.7333,288.03,62,1,2.6,AU,1681160632
vestmanna,62.1564,-7.1664,278.66,93,100,4.12,FO,1681160632
gastello,49.1167,142.9667,272.39,82,9,1.13,RU,1681160633
ust-tsilma,65.441,52.1498,272.75,93,100,4.74,RU,1681160633
moa,20.6569,-74.9403,297.44,84,59,0.63,CU,1681160634
alvaraes,-3.2208,-64.8042,304.08,79,90,1.3,BR,1681160502
roma,43.2128,-75.4557,291.53,26,0,3.6,US,1681160523
hithadhoo,-0.6,73.0833,301.1,67,12,1.4,MV,1681160635
port elizabeth,-33.918,25.5701,289.31,78,0,9.83,ZA,1681160425
albany,42.6001,-73.9662,291.8,17,23,0.45,US,1681160636
vaini,-21.2,-175.2,302.24,74,20,5.14,TO,1681160637
aksarka,66.5606,67.7975,250.34,99,93,2.02,RU,1681160638
pafos,34.7667,32.4167,290.03,88,75,5.14,CY,1681160639
busselton,-33.65,115.3333,288.67,69,55,4.5,AU,1681160639
nikolskoye,59.7035,30.7861,278.04,88,100,1.58,RU,1681160640
avarua,-21.2078,-159.775,300.18,65,27,3.6,CK,1681160640
port macquarie,-31.4333,152.9167,283.09,67,0,2.46,AU,1681160641
kavieng,-2.5744,150.7967,299.71,82,100,3.8,PG,1681160642
uchiza,-8.4592,-76.4633,302.36,62,66,0.61,PE,1681160642
fountain,38.6822,-104.7008,297.85,11,0,4.12,US,1681160453
naryan-mar,67.6713,53.087,273.12,97,100,7.74,RU,1681160644
kununurra,-15.7667,128.7333,298.14,94,90,3.09,AU,1681160645
sur,22.5667,59.5289,299.41,65,34,2.4,OM,1681160645
bambous virieux,-20.3428,57.7575,298.83,94,75,1.54,MU,1681160646
rikitea,-23.1203,-134.9692,297.87,70,86,3.51,PF,1681160368
san fernando,15.0286,120.6898,300.0,86,99,1.83,PH,1681160647
cape town,-33.9258,18.4232,290.58,61,75,1.54,ZA,1681160405
vardo,70.3705,31.1107,276.14,87,75,9.26,NO,1681160592
amahai,-3.3333,128.9167,298.49,86,87,1.66,ID,1681160648
udachnyy,66.4167,112.4,240.3,99,64,2.32,RU,1681160649
ushuaia,-54.8,-68.3,280.94,87,75,10.29,AR,1681160650
new norfolk,-42.7826,147.0587,285.33,81,100,0.69,AU,1681160650
massaguet,12.4755,15.4365,305.6,16,46,3.79,TD,1681160651
fagersta,60.0042,15.7932,278.4,72,100,3.11,SE,1681160652
talara,-4.5772,-81.2719,302.57,79,40,4.12,PE,1681160652
auki,-8.7676,160.7034,297.43,93,100,2.05,SB,1681160653
clyde river,70.4692,-68.5914,255.28,78,0,4.63,CA,1681160653
kamenka,51.3223,42.7678,280.87,50,1,2.93,RU,1681160653
ponta do sol,32.6667,-17.1,293.5,73,1,3.59,PT,1681160654
ancud,-41.8697,-73.8203,287.25,99,97,3.95,CL,1681160654
tuktoyaktuk,69.4541,-133.0374,263.15,85,100,5.14,CA,1681160655
leningradskiy,69.3833,178.4167,251.83,87,91,2.53,RU,1681160655
aragarcas,-15.8975,-52.2508,303.51,70,40,0.0,BR,1681160656
punta arenas,-53.15,-70.9167,281.21,61,75,7.2,CL,1681160434
dikson,73.5069,80.5464,251.03,98,100,4.61,RU,1681160657
shiraz,29.6036,52.5388,287.84,44,20,0.0,IR,1681160106
chokurdakh,70.6333,147.9167,250.43,88,99,3.21,RU,1681160658
pozarevac,44.6153,21.1825,278.57,93,24,2.63,RS,1681160658
qaanaaq,77.484,-69.3632,251.01,80,0,0.66,GL,1681160659
tura,25.5198,90.2201,295.82,39,0,2.06,IN,1681160659
georgetown,5.4112,100.3354,300.11,93,20,1.54,MY,1681160660
lorengau,-2.0226,147.2712,298.53,87,100,2.15,PG,1681160481
bredasdorp,-34.5322,20.0403,287.72,68,100,4.04,ZA,1681160661
farah,32.5,62.5,293.95,26,9,1.56,AF,1681160662
teshie,5.5836,-0.1072,302.46,79,0,4.12,GH,1681160662
khatanga,71.9667,102.5,249.62,99,100,2.52,RU,1681160663
dhidhdhoo,6.8833,73.1,301.71,74,19,3.07,MV,1681160663
high level,58.5169,-117.136,283.21,29,40,6.17,CA,1681160489
coquimbo,-29.9533,-71.3436,291.0,82,20,6.17,CL,1681160664
dingle,10.9995,122.6711,297.48,83,100,2.35,PH,1681160665
sao filipe,14.8961,-24.4956,295.32,68,51,3.78,CV,1681160665
lebu,-37.6167,-73.65,290.79,87,76,3.25,CL,1681160666
constitucion,-35.3333,-72.4167,291.25,81,100,4.59,CL,1681160667
ust-kuyga,70.0167,135.6,245.0,92,3,0.25,RU,1681160668
cidreira,-30.1811,-50.2056,296.06,83,48,3.67,BR,1681160668
fortuna,40.5982,-124.1573,295.89,71,70,2.24,US,1681160669
dukat,62.55,155.55,256.96,96,100,3.63,RU,1681160669
manzhouli,49.6,117.4333,266.09,88,100,12.93,CN,1681160670
carnarvon,-24.8667,113.6333,295.09,60,37,7.71,AU,1681160671
sakakah,29.9697,40.2064,295.91,60,70,8.1,SA,1681160671
talcahuano,-36.7167,-73.1167,292.97,83,75,1.54,CL,1681160415
chastyye,57.2888,54.9728,272.05,71,13,2.12,RU,1681160672
cayenne,4.9333,-52.3333,300.17,83,20,2.57,GF,1681160673
verkhnyaya toyma,62.2349,44.9985,272.81,94,100,1.65,RU,1681160673
inhambane,-23.865,35.3833,295.63,97,9,1.5,MZ,1681160376
araouane,18.9048,-3.5265,302.75,13,95,4.85,ML,1681160674
la ceiba,15.7597,-86.7822,302.05,61,40,4.63,HN,1681160414
russell,32.3502,-85.1999,294.75,45,81,3.02,US,1681160412
giresun,40.5,38.5,272.93,93,52,4.16,TR,1681160676
ninghai,29.2892,121.4247,288.55,98,96,1.11,CN,1681160676
faya,18.3851,42.4509,290.21,53,0,1.95,SA,1681160677
flagstaff,35.1981,-111.6513,297.88,16,0,3.6,US,1681160596
kodiak,57.79,-152.4072,274.88,35,0,4.63,US,1681160678
constantine,36.365,6.6147,284.82,46,0,1.03,DZ,1681160434
tasiilaq,65.6145,-37.6368,275.24,87,99,6.35,GL,1681160678
paramonga,-10.6667,-77.8333,299.19,75,41,5.18,PE,1681160679
ust-nera,64.5667,143.2,251.12,100,99,1.01,RU,1681160680
mattru,7.6244,-11.8332,298.44,91,90,2.16,SL,1681160680
jamestown,42.097,-79.2353,291.51,22,0,1.79,US,1681160635
castro,-24.7911,-50.0119,291.46,78,37,1.52,BR,1681160681
katsuura,35.1333,140.3,289.28,72,4,8.68,JP,1681160681
ketchikan,55.3422,-131.6461,280.41,76,40,7.2,US,1681160682
buchanan,5.8808,-10.0467,300.2,84,77,2.49,LR,1681160682
port-gentil,-0.7193,8.7815,301.13,78,40,5.14,GA,1681160683
kholtoson,50.2981,103.3097,263.23,62,1,1.63,RU,1681160683
saldanha,-33.0117,17.9442,286.18,71,33,4.71,ZA,1681160684
dir,35.2058,71.8756,286.08,61,75,3.19,PK,1681160684
atuona,-9.8,-139.0333,300.44,80,16,7.53,PF,1681160685
montrose,38.4166,-108.2673,289.82,29,7,0.94,US,1681160686
hobart,-42.8794,147.3294,285.52,89,75,4.12,AU,1681160686
zafarabad,25.7,82.7333,294.16,12,55,2.64,IN,1681160687
okha,53.5739,142.9478,264.96,78,8,3.27,RU,1681160687
samarai,-10.6167,150.6667,300.41,82,97,2.82,PG,1681160688
ibra,22.6906,58.5334,296.36,64,36,1.66,OM,1681160688
puerto ayora,-0.7393,-90.3518,304.13,82,76,2.68,EC,1681160569
canakkale,40.0833,26.8333,279.47,94,100,3.51,TR,1681160690
puerto escondido,15.85,-97.0667,304.61,66,0,3.09,MX,1681160690
yellowknife,62.456,-114.3525,273.44,80,75,8.75,CA,1681160436
hilo,19.7297,-155.09,298.77,71,40,2.24,US,1681160691
dunkwa,5.9656,-1.78,299.11,81,100,1.36,GH,1681160692
santa cruz,-17.8,-63.1667,304.85,48,20,3.09,BO,1681160430
college,64.8569,-147.8028,261.52,60,100,0.0,US,1681160413
bathsheba,13.2167,-59.5167,300.49,69,40,7.72,BB,1681160693
longyearbyen,78.2186,15.6401,268.06,86,75,4.63,SJ,1681160592
east london,-33.0153,27.9116,289.16,58,0,10.94,ZA,1681160694
walvis bay,-22.9575,14.5053,287.75,79,0,1.6,NA,1681160694
te anau,-45.4167,167.7167,284.74,95,100,0.44,NZ,1681160695
upernavik,72.7868,-56.1549,255.81,93,92,6.97,GL,1681160696
bilibino,68.0546,166.4372,252.56,88,7,1.91,RU,1681160696
pangnirtung,66.1451,-65.7125,258.15,72,0,1.54,CA,1681160696
anito,12.4497,125.2886,296.97,96,100,5.8,PH,1681160697
mar del plata,-38.0023,-57.5575,290.98,75,100,6.69,AR,1681160516
cabatuan,10.8794,122.486,297.03,83,100,2.68,PH,1681160698
yar-sale,66.8333,70.8333,247.87,96,73,3.44,RU,1681160699
letnica,51.8981,15.333,281.78,40,94,3.42,PL,1681160699
marzuq,14.4,46.4667,295.34,50,23,2.82,YE,1681160699
pearl,32.2746,-90.132,296.25,42,40,4.12,US,1681160700
cabo san lucas,22.8909,-109.9124,303.32,38,100,7.72,MX,1681160701
annau,37.8876,58.516,288.87,51,67,2.06,TM,1681160701
chuy,-33.6971,-53.4616,294.11,77,23,3.96,UY,1681160702
airai,-8.9266,125.4092,288.53,94,73,1.08,TL,1681160703
laguna,38.421,-121.4238,300.42,37,0,3.09,US,1681160703
bykovo,55.6361,38.0803,282.74,78,0,0.0,RU,1681160704
asyut,27.181,31.1837,297.25,46,100,8.54,EG,1681160705
barrow,71.2906,-156.7887,256.16,71,100,6.17,US,1681160706
hamilton,39.1834,-84.5333,295.68,22,0,3.09,US,1681160706
hadrut,39.52,47.0318,282.43,78,100,0.82,AZ,1681160707
concordia,-31.393,-58.0209,300.19,54,20,2.06,AR,1681160707
provideniya,64.3833,-173.3,256.21,60,0,0.0,RU,1681160708
geraldton,-28.7667,114.6,292.38,68,100,3.09,AU,1681160708
kashi,39.4547,75.9797,289.71,27,0,5.0,CN,1681160709
hambantota,6.1241,81.1185,299.04,80,29,5.43,LK,1681160709
souillac,-20.5167,57.5167,298.36,94,75,1.54,MU,1681160710
byron bay,-28.65,153.6167,284.66,66,1,2.36,AU,1681159924
sergeyevka,53.88,67.4158,273.59,63,98,2.91,KZ,1681160711
fairbanks,64.8378,-147.7164,261.53,60,100,0.45,US,1681160594
saint-augustin,51.226,-58.6502,276.81,73,83,4.45,CA,1681160712
roebourne,-20.7833,117.1333,299.3,37,99,4.86,AU,1681160713
richards bay,-28.783,32.0377,294.13,88,100,3.86,ZA,1681160714
svetlogorsk,52.6333,29.7333,283.47,65,98,0.99,BY,1681160714
ribeira grande,38.5167,-28.7,290.37,88,40,5.81,PT,1681160716
san quintin,30.4833,-115.95,291.38,69,1,6.33,MX,1681160716
bubaque,11.2833,-15.8333,298.01,72,38,6.97,GW,1681160717
faanui,-16.4833,-151.75,301.24,71,96,5.57,PF,1681160718
batagay,67.6333,134.6333,247.21,91,5,1.34,RU,1681160718
mackay,-21.15,149.2,292.97,81,2,2.88,AU,1681160628
kiama,-34.6833,150.8667,286.07,69,72,0.89,AU,1681160719
padang,-0.9492,100.3543,296.76,89,91,1.14,ID,1681160429
nesna,66.1967,13.0213,278.52,73,3,7.31,NO,1681160720
harper,4.375,-7.7169,300.12,82,100,2.37,LR,1681160721
tual,-5.6667,132.75,301.66,73,93,2.73,ID,1681160721
prnjavor,44.8703,17.6628,278.74,82,31,1.79,BA,1681160722
srinagar,34.0833,74.8167,283.78,55,1,0.72,IN,1681160723
ilulissat,69.2167,-51.1,281.16,39,40,9.26,GL,1681160724
tuatapere,-46.1333,167.6833,286.66,98,100,1.91,NZ,1681160724
maceio,-9.6658,-35.7353,299.84,83,0,3.6,BR,1681160725
san joaquin,37.9333,-121.3011,300.48,36,0,0.0,US,1681160725
phan thiet,10.9333,108.1,297.42,87,91,2.29,VN,1681160531
feroke,11.1774,75.8337,299.67,83,20,1.03,IN,1681160726
axim,4.8699,-2.2405,300.53,82,100,3.66,GH,1681160727
palmer,42.1584,-72.3287,292.8,14,20,2.57,US,1681160727
nuevitas,21.5453,-77.2644,299.13,68,27,1.87,CU,1681160728
taltal,-25.4,-70.4833,292.27,81,60,2.9,CL,1681160504
bontang,0.1333,117.5,297.9,88,74,2.2,ID,1681160729
anadyr,64.75,177.4833,255.43,60,0,5.0,RU,1681160730
pizarro,4.9533,-77.366,301.29,79,100,1.6,CO,1681160731
jagatsinghapur,20.2667,86.1667,302.35,60,0,2.81,IN,1681160731
lazaro cardenas,17.9583,-102.2,303.08,53,97,4.85,MX,1681160732
vila velha,-20.3297,-40.2925,299.12,77,0,6.69,BR,1681160641
cherskiy,68.75,161.3,253.2,77,3,1.57,RU,1681160733
aleksandro-nevskiy,53.4751,40.2095,281.54,49,7,1.75,RU,1681160733
tartus,34.889,35.8866,291.54,82,87,2.63,SY,1681160734
habay,49.731,5.6175,283.6,92,100,4.85,BE,1681160734
fort saint james,54.4333,-124.25,278.62,64,72,3.51,CA,1681160735
guabito,9.5,-82.6167,301.51,65,30,2.83,PA,1681160735
villarrica,-25.75,-56.4333,300.67,59,58,2.2,PY,1681160736
raudeberg,61.9875,5.1352,282.52,78,100,3.6,NO,1681160736
victoria,22.2855,114.1577,296.11,91,99,0.45,HK,1681160494
puerto madero,14.7208,-92.4215,306.26,55,20,6.17,MX,1681160737
bethel,41.3712,-73.414,293.5,20,0,4.63,US,1681160738
mount isa,-20.7333,139.5,285.02,76,64,0.0,AU,1681160501
hofn,64.2539,-15.2082,277.74,92,100,6.2,IS,1681160592
nhulunbuy,-12.2333,136.7667,298.49,94,75,0.0,AU,1681160740
maracas,-13.4411,-40.4308,292.36,94,76,2.87,BR,1681160620
kaitangata,-46.2817,169.8464,286.45,98,100,1.96,NZ,1681160741
san patricio,28.017,-97.5169,298.64,64,96,2.96,US,1681160741
bari,41.1177,16.8512,286.41,80,0,8.49,IT,1681160742
coswig,51.1333,13.5833,284.82,74,0,3.09,DE,1681160742
beysehir,37.6773,31.7246,280.17,81,44,0.86,TR,1681160743
xining,36.6167,101.7667,275.97,53,1,0.84,CN,1681160744
tiksi,71.6872,128.8694,244.45,100,70,1.13,RU,1681160744
pipar,26.3856,73.5378,301.48,12,97,2.67,IN,1681160745
namibe,-15.1961,12.1522,296.09,77,59,2.27,AO,1681160745
turukhansk,65.8167,87.9833,254.74,90,100,2.55,RU,1681160746
gat,31.61,34.7642,293.37,100,20,6.25,IL,1681160644
beboto,8.2668,16.939,302.19,43,100,2.33,TD,1681160747
grand gaube,-20.0064,57.6608,298.92,82,99,4.81,MU,1681160747
baruun-urt,46.6806,113.2792,263.11,38,32,11.85,MN,1681160747
vanavara,60.34,102.2797,258.5,96,97,2.14,RU,1681160748
husavik,66.0449,-17.3389,276.02,98,100,3.83,IS,1681160748
tanout,14.9709,8.8879,303.31,14,84,5.36,NE,1681160749
hami,42.8,93.45,283.03,21,24,3.0,CN,1681160749
kloulklubed,7.0419,134.2556,301.03,80,100,7.88,PW,1681160750
lethem,3.3803,-59.7968,309.33,26,89,2.48,GY,1681160751
kieta,-6.2167,155.6333,299.85,81,100,2.66,PG,1681160751
maniitsoq,65.4167,-52.9,274.92,75,46,5.52,GL,1681160752
mount gambier,-37.8333,140.7667,282.36,95,81,1.73,AU,1681160752
mareeba,-17.0,145.4333,296.17,94,73,0.61,AU,1681160752
artyom,40.4723,50.333,285.23,77,100,4.71,AZ,1681160753
guerrero negro,27.9769,-114.0611,294.5,54,4,7.04,MX,1681160559
kirillov,59.863,38.3813,271.3,97,14,1.36,RU,1681160754
sorland,67.667,12.6934,278.07,79,0,8.0,NO,1681160754
kapaa,22.0752,-159.319,299.33,76,20,8.23,US,1681160755
aklavik,68.2191,-135.0107,261.15,72,100,5.66,CA,1681160755
nantucket,41.2835,-70.0995,285.45,71,0,7.2,US,1681160676
ahtopol,42.1,27.95,281.95,90,100,5.53,BG,1681160756
isangel,-19.55,169.2667,303.21,84,40,1.03,VU,1681160757
san ramon,37.7799,-121.978,299.53,47,0,5.66,US,1681160757
zhigansk,66.7697,123.3711,242.59,94,33,1.89,RU,1681160757
mayo,38.8876,-76.5119,293.79,35,0,4.12,US,1681160758
salalah,17.0151,54.0924,301.2,74,20,2.06,OM,1681160758
maragogi,-9.0122,-35.2225,299.18,78,99,3.15,BR,1681160759
slobidka,47.8869,29.3461,281.28,84,99,3.16,UA,1681160759
sitka,57.0531,-135.33,279.09,45,75,5.14,US,1681160760
solnechnyy,50.7214,136.6319,274.03,83,92,1.0,RU,1681160760
broome,42.2506,-75.833,292.09,20,0,3.6,US,1681160761
dunedin,-45.8742,170.5036,286.87,99,100,1.08,NZ,1681160480
tautira,-17.7333,-149.15,299.94,79,99,4.72,PF,1681160762
bengkulu,-3.8004,102.2655,296.89,89,39,1.45,ID,1681160762
butaritari,3.0707,172.7902,300.38,82,85,5.72,KI,1681160763
pacific grove,36.6177,-121.9166,295.73,74,0,4.02,US,1681160764
ostrovnoy,68.0531,39.5131,273.71,94,100,7.51,RU,1681160764
cangucu,-31.395,-52.6756,296.71,78,90,3.34,BR,1681160465
staraya poltavka,50.4772,46.4814,282.6,39,0,2.7,RU,1681160766
portsmouth,50.799,-1.0913,283.69,77,0,8.88,GB,1681160766
kalamb,19.05,73.95,299.71,39,1,1.74,IN,1681160767
kirakira,-10.4544,161.9205,299.21,85,100,1.37,SB,1681160767
naze,28.3667,129.4833,290.66,71,57,5.08,JP,1681160768
saint-philippe,-21.3585,55.7679,296.92,84,100,3.91,RE,1681160769
gilgit,35.9221,74.3087,284.68,50,70,1.1,PK,1681160769
saint-georges,12.0564,-61.7485,301.97,74,20,10.29,GD,1681160658
quatre cocos,-20.2078,57.7625,298.76,84,100,3.15,MU,1681160770
kruisfontein,-34.0033,24.7314,288.09,67,7,11.16,ZA,1681160770
port hedland,-20.3167,118.5667,297.18,46,96,3.09,AU,1681160558
alekseyevsk,57.8406,108.3492,254.33,100,45,1.19,RU,1681160771
berlevag,70.8578,29.0864,276.15,87,75,8.75,NO,1681160592
pevek,69.7008,170.3133,245.26,98,87,2.52,RU,1681160773
monte patria,-30.6919,-70.9467,301.91,28,6,2.85,CL,1681160773
sorong,-0.8833,131.25,299.53,82,85,1.81,ID,1681160774
wadi maliz,36.4681,8.5495,286.96,71,3,2.3,TN,1681160775
srednekolymsk,67.45,153.6833,251.42,89,82,2.63,RU,1681160775
camargo,27.6667,-105.1667,303.09,19,17,4.55,MX,1681160776
cosala,24.4125,-106.6908,309.03,10,71,4.53,MX,1681160776
oyugis,-0.509,34.7358,294.47,78,81,2.16,KE,1681160777
komsomolskiy,40.4272,71.7189,287.55,72,75,2.06,UZ,1681160777
abnub,27.2696,31.1511,297.27,46,100,8.68,EG,1681160778
klaebu,63.2976,10.4826,280.28,67,100,7.62,NO,1681160778
bom jesus,-9.0744,-44.3586,299.4,68,90,1.41,BR,1681160691
sertania,-8.0736,-37.2644,301.02,37,100,2.79,BR,1681160779
veracruz,19.3333,-96.6667,298.41,63,99,3.75,MX,1681160780
esperance,-33.8667,121.9,289.92,70,53,11.0,AU,1681160780
alyangula,-13.8483,136.4192,300.39,76,98,2.3,AU,1681160781
hashtrud,37.4779,47.0508,285.97,43,100,2.6,IR,1681160781
muisne,0.6,-80.0333,300.97,75,49,3.05,EC,1681160782
port lincoln,-34.7333,135.8667,291.12,73,82,7.07,AU,1681160782
avera,33.194,-82.5271,292.34,38,100,5.37,US,1681160783
oranjemund,-28.55,16.4333,287.51,78,0,7.47,NA,1681160784
marystown,47.1666,-55.1483,274.98,85,22,7.38,CA,1681160784
sterlitamak,53.6246,55.9502,277.24,71,31,2.9,RU,1681160785
mandalgovi,45.7625,106.2708,266.22,28,0,4.19,MN,1681160785
boralday,43.3578,76.8594,284.07,82,100,6.0,KZ,1681160786
carire,-3.9506,-40.4733,296.48,93,100,0.25,BR,1681160786
le port,-20.9373,55.2919,297.53,99,100,1.7,RE,1681160787
pangkalanbuun,-2.6833,111.6167,295.72,97,70,1.24,ID,1681160787
canico,32.6333,-16.85,293.5,52,20,7.72,PT,1681160788
saint-pierre,-21.3393,55.4781,297.35,88,100,2.06,RE,1681160789
pringsewu,-5.3582,104.9744,294.93,93,95,1.53,ID,1681160789
lahat,-3.8,103.5333,294.36,95,73,1.22,ID,1681160790
lata,40.1629,-8.3327,287.08,96,63,0.96,PT,1681160790
saint anthony,45.0205,-93.218,295.11,25,0,4.63,US,1681160791
chicama,-7.8447,-79.1469,302.45,66,42,4.82,PE,1681160792
ajdabiya,30.7554,20.2263,288.59,64,33,6.73,LY,1681160792
goderich,43.7501,-81.7165,289.33,33,100,6.17,CA,1681160793
nagorsk,59.3172,50.8078,272.04,86,34,0.27,RU,1681160793
macedo de cavaleiros,41.5382,-6.9611,288.92,75,75,2.77,PT,1681160794
pemangkat,1.1667,108.9667,298.23,86,99,2.39,ID,1681160794
norman wells,65.282,-126.8329,270.17,80,100,10.8,CA,1681160795
mahebourg,-20.4081,57.7,298.85,94,75,1.54,MU,1681160795
apac,1.9756,32.5386,293.51,83,92,0.87,UG,1681160796
selikhino,50.3672,137.4996,274.4,76,96,2.93,RU,1681160796
menzelinsk,55.7271,53.1026,276.23,68,15,2.93,RU,1681160797
meulaboh,4.1363,96.1285,297.73,88,78,1.04,ID,1681160797
ovsyanka,55.9575,92.5519,277.72,69,100,5.54,RU,1681160798
snasa,64.2457,12.3778,276.82,94,100,3.55,NO,1681160798
half moon bay,37.4636,-122.4286,301.8,70,75,9.77,US,1681160799
comodoro rivadavia,-45.8667,-67.5,284.07,62,20,4.12,AR,1681160799
talisayan,6.9872,121.9272,298.67,82,82,1.56,PH,1681160800
imbituba,-28.24,-48.6703,295.77,82,4,5.53,BR,1681160774
mastic beach,40.7668,-72.8521,289.28,59,0,4.12,US,1681160800
yamethin,20.4333,96.15,298.73,32,22,2.73,MM,1681160801
camasca,14.0,-88.3833,302.07,11,0,0.82,HN,1681160801
sonson,5.7106,-75.3107,286.9,87,92,1.09,CO,1681160802
opuwo,-18.0607,13.84,295.74,37,36,1.75,NA,1681160802
los llanos de aridane,28.6585,-17.9182,293.01,64,0,6.69,ES,1681160803
baikunthpur,23.25,82.55,297.69,19,2,1.43,IN,1681160803
winona,43.9666,-91.7668,297.04,27,40,3.09,US,1681160804
egvekinot,66.3167,-179.1667,252.65,81,32,1.09,RU,1681160805
siraha,26.6541,86.2087,297.11,19,26,2.46,NP,1681160805
poli,-3.3333,36.8,289.28,82,17,0.69,TZ,1681160805
nanortalik,60.1432,-45.2371,274.27,94,100,1.5,GL,1681160806
carmen,18.6333,-91.8333,300.64,68,60,7.73,MX,1681160530
lagoa,39.05,-27.9833,289.05,82,74,4.71,PT,1681160807
lompoc,34.6391,-120.4579,300.25,66,20,3.6,US,1681160689
kikwit,-5.041,18.8162,295.65,90,73,1.04,CD,1681160808
falun,60.6036,15.626,278.38,57,100,2.46,SE,1681160808
angoche,-16.2325,39.9086,299.07,83,7,2.74,MZ,1681160809
tatawin,32.9297,10.4518,290.44,45,0,1.96,TN,1681160809
huanren,41.2647,125.3667,281.92,92,100,2.7,CN,1681160810
dolores,-36.3132,-57.6792,291.61,66,48,5.27,AR,1681160810
kattivakkam,13.2167,80.3167,301.52,84,0,2.3,IN,1681160811
ljungby,56.8332,13.9408,279.05,69,100,4.83,SE,1681160811
kenai,60.5544,-151.2583,269.2,82,100,1.54,US,1681160812
havre-saint-pierre,50.2334,-63.5986,274.49,90,66,7.24,CA,1681160812
pacifica,37.6138,-122.4869,299.39,75,20,9.77,US,1681160813
muros,42.7762,-9.0603,288.76,91,100,1.67,ES,1681160813
menongue,-14.6585,17.691,291.64,74,100,1.97,AO,1681160813
sao joao da barra,-21.6403,-41.0511,299.2,73,28,4.77,BR,1681160619
izumo,35.3667,132.7667,286.52,83,0,4.16,JP,1681160815
praia da vitoria,38.7333,-27.0667,290.24,87,46,4.2,PT,1681160815
port hardy,50.6996,-127.4199,281.67,71,100,4.74,CA,1681160816
amarante,-6.2411,-42.8547,299.11,84,100,2.34,BR,1681160817
pisco,-13.7,-76.2167,299.18,73,0,9.26,PE,1681160817
sao domingos,-13.3983,-46.3183,298.7,69,100,1.75,BR,1681160695
krasnyy chikoy,50.3643,108.7512,261.46,74,5,3.39,RU,1681160818
karratha,-20.7377,116.8463,298.49,41,99,5.22,AU,1681160818
chapeco,-27.0964,-52.6183,294.34,72,100,0.6,BR,1681160819
worthington,40.0931,-83.018,294.65,21,0,1.54,US,1681160819
tiznit,29.5833,-9.5,295.6,26,1,0.68,MA,1681160820
trincomalee,8.5711,81.2335,301.52,73,31,4.27,LK,1681160820
jinxiang,27.4327,120.6062,289.81,88,55,1.64,CN,1681160825
el fuerte,26.4189,-108.6194,309.95,7,0,6.42,MX,1681160614
acapulco,16.8634,-99.8901,304.05,62,0,5.66,MX,1681160675
mrakovo,52.7161,56.6244,274.69,76,9,1.23,RU,1681160827
ornes,66.8689,13.7078,274.19,72,1,4.9,NO,1681160827
klaksvik,62.2266,-6.589,279.66,91,100,11.43,FO,1681160828
skjervoy,70.0311,20.9714,275.8,77,28,2.97,NO,1681160584
oudtshoorn,-33.5907,22.2014,284.85,67,26,2.99,ZA,1681160829
severo-kurilsk,50.6789,156.125,272.46,83,99,17.6,RU,1681160829
bumba,2.1833,22.4667,295.66,92,100,1.39,CD,1681160830
taoudenni,22.6783,-3.9836,300.82,8,98,6.41,ML,1681160830
chapais,49.7834,-74.8492,279.8,93,95,5.07,CA,1681160831
iqaluit,63.7506,-68.5145,258.76,74,47,2.91,CA,1681160831
merritt island,28.5392,-80.672,298.76,67,92,3.58,US,1681160831
saskylakh,71.9167,114.0833,249.08,98,89,3.22,RU,1681160832
mosquera,4.7059,-74.2302,291.2,59,40,4.63,CO,1681160833
yumen,40.2833,97.2,278.82,26,4,2.08,CN,1681160833
yulara,-25.2406,130.9889,296.19,34,100,3.65,AU,1681160697
villa carlos paz,-31.4241,-64.4978,300.96,54,81,4.02,AR,1681160834
port moresby,-9.4431,147.1797,296.83,88,40,1.54,PG,1681160587
manati,18.4275,-66.4921,302.01,83,10,2.16,PR,1681160835
hagere selam,6.4833,38.5167,284.06,78,94,3.01,ET,1681160835
lidkoping,58.5052,13.1577,280.6,57,100,5.41,SE,1681160836
oystese,60.3882,6.1925,281.8,92,100,4.3,NO,1681160836
tashla,51.7716,52.7427,280.23,47,0,3.05,RU,1681160837
caraballeda,10.6112,-66.8522,305.19,66,40,2.57,VE,1681160837
biltine,14.5333,20.9167,305.72,11,99,4.71,TD,1681160838
alofi,-19.0595,-169.9187,300.09,78,75,5.66,NU,1681160838
artesia,33.8658,-118.0831,306.19,62,0,3.09,US,1681160839
awjilah,29.1081,21.2869,289.02,57,100,6.81,LY,1681160839
akersberga,59.4794,18.2997,276.13,81,95,2.53,SE,1681160840
manjakandriana,-18.9167,47.8,287.98,95,94,0.83,MG,1681160814
sisimiut,66.9395,-53.6735,270.29,89,34,5.3,GL,1681160841
jumla,29.2747,82.1838,279.65,71,6,2.1,NP,1681160841
zheleznodorozhnyy,55.7503,38.0042,282.64,72,100,0.49,RU,1681160842
gamba,-2.65,10.0,299.32,86,96,2.31,GA,1681160842
hasaki,35.7333,140.8333,287.37,69,0,7.13,JP,1681160551
carupano,10.6678,-63.2585,301.38,70,30,7.35,VE,1681160843
antalaha,-14.9003,50.2788,297.03,89,30,1.56,MG,1681160844
chadan,51.2833,91.5833,270.37,51,68,2.28,RU,1681160844
ahipara,-35.1667,173.1667,291.8,83,86,4.02,NZ,1681160845
kalabo,-14.97,22.6814,295.01,69,96,1.32,ZM,1681160845
krasnofarfornyy,59.1364,31.8502,280.94,71,100,1.95,RU,1681160846
freeport,40.6576,-73.5832,292.9,52,0,7.2,US,1681160846
ust-uda,54.1742,103.0304,263.21,81,90,1.89,RU,1681160847
banjar,-8.19,114.9675,297.89,91,100,2.48,ID,1681160847
vao,-22.6667,167.4833,298.79,79,2,2.96,NC,1681160848
takoradi,4.8845,-1.7554,300.31,82,100,3.9,GH,1681160849
itarema,-2.9248,-39.9167,297.7,92,100,2.92,BR,1681160729
tubuala,9.5167,-79.0333,300.2,78,27,5.18,PA,1681160849
ambilobe,-13.2,49.05,296.11,94,56,1.23,MG,1681160821
kurilsk,45.2333,147.8833,276.83,81,98,1.8,RU,1681160850
taos,36.4072,-105.5731,294.37,17,0,4.02,US,1681160824
zlobin,45.2924,14.6541,279.76,59,0,2.06,HR,1681160851
diamantino,-14.4086,-56.4461,299.54,85,100,0.7,BR,1681160852
yerbogachen,61.2767,108.0108,248.14,100,90,1.5,RU,1681160852
oga,46.4631,10.347,277.49,83,100,0.8,IT,1681160852
ulladulla,-35.35,150.4667,285.99,59,96,2.2,AU,1681160853
kviteseid,59.4022,8.4927,277.65,99,100,2.21,NO,1681160853
kadnikov,59.5022,40.338,273.11,89,22,1.78,RU,1681160854
moron,-34.6534,-58.6198,300.09,59,52,3.69,AR,1681160574
baishishan,43.5833,127.5667,282.74,80,100,5.45,CN,1681160719
gairo,39.8497,9.5047,281.58,91,13,1.65,IT,1681160855
mayumba,-3.432,10.6554,299.73,85,100,2.0,GA,1681160855
ballina,-28.8667,153.5667,286.36,66,1,3.0,AU,1681160856
sidi ali,36.0998,0.4206,288.75,52,15,0.99,DZ,1681160856
high rock,26.6208,-78.2833,296.79,73,100,12.81,BS,1681160857
olafsvik,64.8945,-23.7142,278.16,85,100,4.84,IS,1681160857
malatya,38.5,38.0,282.18,100,75,1.03,TR,1681160858
savannakhet,16.566,104.751,302.87,50,95,1.95,LA,1681160858
longjiang,47.3303,123.1836,274.99,31,92,5.71,CN,1681160858
awbari,26.5921,12.7805,291.24,21,14,2.57,LY,1681160859
salinopolis,-0.6136,-47.3561,299.76,85,99,2.55,BR,1681160859
hovd,48.0056,91.6419,271.19,34,11,0.71,MN,1681160860
mahibadhoo,3.7833,72.9667,301.55,74,29,4.52,MV,1681160860
inyonga,-6.7167,32.0667,291.27,94,90,1.89,TZ,1681160861
mabaruma,8.2,-59.7833,301.31,64,78,3.06,GY,1681160861
bobo dioulasso,11.1771,-4.2979,304.4,48,0,1.03,BF,1681160753
kapurthala,31.3794,75.3847,292.63,31,0,2.47,IN,1681160862
zambezi,-13.5432,23.1047,292.69,83,80,1.57,ZM,1681160862
rawson,-43.3002,-65.1023,286.32,57,100,9.06,AR,1681160863
seydi,39.4816,62.9137,289.75,45,2,2.69,TM,1681160863
talnakh,69.4865,88.3972,243.57,97,86,1.0,RU,1681160864
gornoye loo,43.7129,39.6049,286.92,73,17,3.75,RU,1681160864
barra patuca,15.8,-84.2833,301.11,64,27,4.44,HN,1681160865
kalmunai,7.4167,81.8167,300.48,71,25,2.68,LK,1681160866
kalaleh,37.3807,55.4916,291.41,38,55,1.63,IR,1681160866
cockburn town,21.4612,-71.1419,300.13,65,40,2.06,TC,1681160866
teya,60.3778,92.6267,269.16,97,100,1.82,RU,1681160867
yenotayevka,47.2456,47.0281,283.73,51,33,4.49,RU,1681160867
marshalltown,42.0494,-92.908,296.28,37,40,1.54,US,1681160868
tilichiki,60.4667,166.1,261.67,93,100,7.87,RU,1681160868
killybegs,54.6333,-8.45,280.08,72,69,10.39,IE,1681160869
leua,48.2156,18.6071,281.06,79,28,1.81,SK,1681160869
tiarei,-17.5333,-149.3333,301.16,77,88,5.29,PF,1681160870
alta floresta,-9.8756,-56.0861,296.93,93,97,0.91,BR,1681160870
nome,64.5011,-165.4064,250.19,76,0,0.0,US,1681160871
krasnoarmeysk,51.0239,45.6969,281.15,37,0,1.2,RU,1681160871
okhotsk,59.3833,143.3,258.52,67,0,8.82,RU,1681160872
thunder bay,48.4001,-89.3168,292.14,29,75,4.63,CA,1681160651
garden city,42.3256,-83.331,294.07,26,75,6.69,US,1681160780
grindavik,63.8424,-22.4338,278.41,93,75,3.09,IS,1681160873
sterling,39.0062,-77.4286,293.48,24,0,4.12,US,1681160604
san rafael,-34.6177,-68.3301,296.67,44,100,2.83,AR,1681160874
mongoumba,3.6415,18.5936,296.09,91,85,1.59,CF,1681160875
san cristobal,7.7669,-72.225,300.25,49,95,2.51,VE,1681160875
bahia blanca,-38.7196,-62.2724,290.83,68,79,2.68,AR,1681160862
haines junction,60.7522,-137.5108,272.26,56,99,3.45,CA,1681160876
bow island,49.8668,-111.3684,291.19,53,98,4.89,CA,1681160876
lima,-12.0432,-77.0282,298.29,69,20,6.69,PE,1681160745
vanimo,-2.6741,141.3028,297.9,90,99,1.58,PG,1681160877
labuan,5.2767,115.2417,299.42,83,95,1.81,MY,1681160878
hobyo,5.3505,48.5268,301.54,74,93,6.44,SO,1681160878
nuuk,64.1835,-51.7216,275.49,80,20,2.57,GL,1681160879
bonthe,7.5264,-12.505,299.0,84,53,2.58,SL,1681160879
cristalina,-16.7686,-47.6136,293.14,81,96,0.55,BR,1681160688
seoul,37.5683,126.9778,286.93,57,75,5.66,KR,1681160639
mineros,-17.1167,-63.2333,300.89,74,32,1.52,BO,1681160881
tromso,69.6496,18.957,274.16,86,0,3.09,NO,1681160881
karakol,42.4907,78.3936,278.8,70,100,0.87,KG,1681160882
kahului,20.8947,-156.47,301.16,62,40,10.29,US,1681160883
arman,59.7,150.1667,263.94,76,100,4.37,RU,1681160883
qaqortoq,60.7167,-46.0333,278.22,51,86,6.38,GL,1681160884
toyooka,35.5333,134.8333,283.63,90,9,3.22,JP,1681160827
caravelas,-17.7125,-39.2481,297.98,86,78,5.8,BR,1681160885
qasigiannguit,68.8193,-51.1922,281.29,64,21,5.16,GL,1681160885
sainte-marie,-20.8968,55.5496,297.62,90,100,1.03,RE,1681160886
dryden,49.7833,-92.7503,288.31,29,0,8.75,CA,1681160594
henties bay,-22.116,14.2845,287.12,80,0,2.14,NA,1681160887
codrington,-38.2667,141.9667,285.32,81,69,2.24,AU,1681160888
zhezkazgan,47.8043,67.7144,282.2,43,92,3.8,KZ,1681160888
hyeres,43.1167,6.1167,287.96,85,0,0.0,FR,1681160888
dawlatabad,36.4141,64.9053,290.91,42,0,2.83,AF,1681160889
krasnoselkup,65.7,82.4667,252.61,97,100,5.68,RU,1681160890
smithers,54.7804,-127.1743,280.04,54,79,1.34,CA,1681160890
sao gabriel da cachoeira,-0.1303,-67.0892,298.99,86,98,0.78,BR,1681160891
makamba,-4.1348,29.804,290.07,92,66,1.0,BI,1681160891
salina cruz,16.1667,-95.2,308.24,35,50,9.89,MX,1681160892
urubicha,-15.3833,-62.95,300.81,74,64,0.41,BO,1681160892
arica,-18.475,-70.3042,298.9,68,0,5.14,CL,1681160893
poum,-20.2333,164.0167,299.69,68,2,1.19,NC,1681160894
hojai,26.0,92.8667,294.87,47,6,0.83,IN,1681160894
sinnamary,5.3833,-52.95,299.43,81,100,4.07,GF,1681160895
djibo,14.1022,-1.6306,307.27,15,96,8.49,BF,1681160895
save,8.0425,2.486,301.48,60,100,2.85,BJ,1681160896
garissa,-0.4536,39.6401,300.87,69,96,5.41,KE,1681160896
nouadhibou,20.931,-17.0347,292.14,94,0,5.14,MR,1681160897
peniche,39.3558,-9.3811,288.87,86,15,6.54,PT,1681160897
makakilo city,21.3469,-158.0858,300.33,61,20,8.23,US,1681160898
ruidoso,33.3317,-105.673,295.72,24,2,6.69,US,1681160723
sumbe,-11.2061,13.8437,299.89,85,94,2.48,AO,1681160899
rincon,32.296,-81.2354,294.21,40,40,5.66,US,1681160679
little current,45.9793,-81.9248,286.16,71,77,3.86,CA,1681160900
shadrinsk,56.0852,63.6335,272.42,58,62,2.86,RU,1681160900
soyo,-6.1349,12.3689,299.83,82,100,1.64,AO,1681160901
areia branca,-4.9561,-37.1369,299.63,80,100,4.1,BR,1681160901
beringovskiy,63.05,179.3167,259.2,82,99,7.48,RU,1681160902
puerto cabezas,14.0351,-83.3888,302.11,58,29,5.74,NI,1681160902
sao mateus,-18.7161,-39.8589,297.11,80,63,4.84,BR,1681160811
tukrah,32.5341,20.5791,287.22,69,11,5.27,LY,1681160903
loviisa,60.4566,26.2251,273.31,98,88,1.92,FI,1681160904
labuhan,-6.8844,112.2051,298.01,86,96,3.28,ID,1681160905
touros,-5.1989,-35.4608,299.35,80,17,4.95,BR,1681160905
saposoa,-6.934,-76.7716,304.49,47,31,1.5,PE,1681160905
kosh-agach,50.0,88.6667,263.81,60,93,1.79,RU,1681160906
